NPI,EXCLDATE,EXCLYEAR,EXCLTYPE
1568581759,2014-12-18,2014,1128a1
1568581759,2014-12-18,2014,1128a1
1568581759,2014-12-18,2014,1128a1
1568581759,2014-12-18,2014,1128a1
1568581759,2014-12-18,2014,1128a1
1568581759,2014-12-18,2014,1128a1
1568581759,2014-12-18,2014,1128a1
1568581759,2014-12-18,2014,1128a1
1568581759,2014-12-18,2014,1128a1
1568581759,2014-12-18,2014,1128a1
1568581759,2014-12-18,2014,1128a1
1568581759,2014-12-18,2014,1128a1
1568581759,2014-12-18,2014,1128a1
1568581759,2014-12-18,2014,1128a1
1568581759,2014-12-18,2014,1128a1
1568581759,2014-12-18,2014,1128a1
1568581759,2014-12-18,2014,1128a1
1568581759,2014-12-18,2014,1128a1
1629282108,2015-04-20,2015,1128a3
1629282108,2015-04-20,2015,1128a3
1447361530,2018-06-20,2018,1128b4
1366405250,2018-02-20,2018,1128b4
1366405250,2018-02-20,2018,1128b4
1366405250,2018-02-20,2018,1128b4
1366405250,2018-02-20,2018,1128b4
1366405250,2018-02-20,2018,1128b4
1366405250,2018-02-20,2018,1128b4
1366405250,2018-02-20,2018,1128b4
1366405250,2018-02-20,2018,1128b4
1366405250,2018-02-20,2018,1128b4
1366405250,2018-02-20,2018,1128b4
1366405250,2018-02-20,2018,1128b4
1003811167,12/20/2017,2017,1128b4
1003811167,12/20/2017,2017,1128b4
1003892746,4/19/2018,2018,1128a4
1003892746,4/19/2018,2018,1128a4
1003892746,4/19/2018,2018,1128a4
1003892746,4/19/2018,2018,1128a4
1003892746,4/19/2018,2018,1128a4
1003904830,11/20/2017,2017,1128b4
1003904830,11/20/2017,2017,1128b4
1003904830,11/20/2017,2017,1128b4
1003904830,11/20/2017,2017,1128b4
1003904830,11/20/2017,2017,1128b4
1003904830,11/20/2017,2017,1128b4
1003904830,11/20/2017,2017,1128b4
1003904830,11/20/2017,2017,1128b4
1003904830,11/20/2017,2017,1128b4
1003904830,11/20/2017,2017,1128b4
1003904830,11/20/2017,2017,1128b4
1003904830,11/20/2017,2017,1128b4
1003904830,11/20/2017,2017,1128b4
1003904830,11/20/2017,2017,1128b4
1013009729,4/19/2018,2018,1128a1
1013009729,4/19/2018,2018,1128a1
1013009729,4/19/2018,2018,1128a1
1013009729,4/19/2018,2018,1128a1
1013009729,4/19/2018,2018,1128a1
1013009729,4/19/2018,2018,1128a1
1013095975,1/20/2019,2019,1128a1
1013095975,1/20/2019,2019,1128a1
1013095975,1/20/2019,2019,1128a1
1013095975,1/20/2019,2019,1128a1
1013095975,1/20/2019,2019,1128a1
1013167311,11/20/2018,2018,1128b5
1023006129,6/20/2017,2017,1128b4
1023077047,5/20/2019,2019,1128b4
1023077047,5/20/2019,2019,1128b4
1023077047,5/20/2019,2019,1128b4
1023077047,5/20/2019,2019,1128b4
1023077047,5/20/2019,2019,1128b4
1023077047,5/20/2019,2019,1128b4
1023077047,5/20/2019,2019,1128b4
1023077047,5/20/2019,2019,1128b4
1023077047,5/20/2019,2019,1128b4
1023230562,4/3/2019,2019,BRCH CIA
1023230562,4/3/2019,2019,BRCH CIA
1023230562,4/3/2019,2019,BRCH CIA
1023230562,4/3/2019,2019,BRCH CIA
1053360966,5/20/2018,2018,1128a1
1053360966,5/20/2018,2018,1128a1
1053360966,5/20/2018,2018,1128a1
1053360966,5/20/2018,2018,1128a1
1053360966,5/20/2018,2018,1128a1
1053486704,11/20/2018,2018,1128b4
1053486704,11/20/2018,2018,1128b4
1053486704,11/20/2018,2018,1128b4
1053486704,11/20/2018,2018,1128b4
1053486704,11/20/2018,2018,1128b4
1053486704,11/20/2018,2018,1128b4
1053486704,11/20/2018,2018,1128b4
1053486704,11/20/2018,2018,1128b4
1053486704,11/20/2018,2018,1128b4
1053486704,11/20/2018,2018,1128b4
1053486704,11/20/2018,2018,1128b4
1053486704,11/20/2018,2018,1128b4
1053486704,11/20/2018,2018,1128b4
1053486704,11/20/2018,2018,1128b4
1053486704,11/20/2018,2018,1128b4
1053486704,11/20/2018,2018,1128b4
1063452167,2/20/2018,2018,1128b4
1063575561,11/20/2018,2018,1128a1
1063575561,11/20/2018,2018,1128a1
1063575561,11/20/2018,2018,1128a1
1063575561,11/20/2018,2018,1128a1
1063575561,11/20/2018,2018,1128a1
1063575561,11/20/2018,2018,1128a1
1063575561,11/20/2018,2018,1128a1
1073511192,12/20/2018,2018,1128b4
1083667562,9/20/2018,2018,1128a4
1083667562,9/20/2018,2018,1128a4
1083667562,9/20/2018,2018,1128a4
1083667562,9/20/2018,2018,1128a4
1083687859,4/18/2019,2019,1128a1
1083687859,4/18/2019,2019,1128a1
1083687859,4/18/2019,2019,1128a1
1083687859,4/18/2019,2019,1128a1
1083687859,4/18/2019,2019,1128a1
1083687859,4/18/2019,2019,1128a1
1083687859,4/18/2019,2019,1128a1
1083687859,4/18/2019,2019,1128a1
1083687859,4/18/2019,2019,1128a1
1104898634,7/20/2018,2018,1128a1
1104898634,7/20/2018,2018,1128a1
1104898634,7/20/2018,2018,1128a1
1104898634,7/20/2018,2018,1128a1
1104898634,7/20/2018,2018,1128a1
1104898634,7/20/2018,2018,1128a1
1104924349,11/20/2017,2017,1128a4
1104924349,11/20/2017,2017,1128a4
1104924349,11/20/2017,2017,1128a4
1104924349,11/20/2017,2017,1128a4
1134228794,1/20/2019,2019,1128a4
1134228794,1/20/2019,2019,1128a4
1134228794,1/20/2019,2019,1128a4
1134228794,1/20/2019,2019,1128a4
1134228794,1/20/2019,2019,1128a4
1134228794,1/20/2019,2019,1128a4
1134228794,1/20/2019,2019,1128a4
1134228794,1/20/2019,2019,1128a4
1134228794,1/20/2019,2019,1128a4
1134228794,1/20/2019,2019,1128a4
1134228794,1/20/2019,2019,1128a4
1134280779,11/20/2018,2018,1128a4
1134280779,11/20/2018,2018,1128a4
1134280779,11/20/2018,2018,1128a4
1134280779,11/20/2018,2018,1128a4
1134280779,11/20/2018,2018,1128a4
1134401136,9/20/2018,2018,1128b4
1134401136,9/20/2018,2018,1128b4
1134401136,9/20/2018,2018,1128b4
1134401136,9/20/2018,2018,1128b4
1134401136,9/20/2018,2018,1128b4
1134401136,9/20/2018,2018,1128b4
1164436960,9/20/2018,2018,1128b4
1164436960,9/20/2018,2018,1128b4
1164458006,8/20/2017,2017,1128a1
1164458006,8/20/2017,2017,1128a1
1164458006,8/20/2017,2017,1128a1
1164458006,8/20/2017,2017,1128a1
1164458006,8/20/2017,2017,1128a1
1164458006,8/20/2017,2017,1128a1
1164458006,8/20/2017,2017,1128a1
1164458006,8/20/2017,2017,1128a1
1164515003,2/20/2018,2018,1128a4
1164515003,2/20/2018,2018,1128a4
1164515003,2/20/2018,2018,1128a4
1164515003,2/20/2018,2018,1128a4
1164515003,2/20/2018,2018,1128a4
1174545271,1/13/2017,2017,1128b7
1174545271,1/13/2017,2017,1128b7
1184641714,7/18/2019,2019,1128b6
1184641714,7/18/2019,2019,1128b6
1184641714,7/18/2019,2019,1128b6
1184641714,7/18/2019,2019,1128b6
1184641714,7/18/2019,2019,1128b6
1184641714,7/18/2019,2019,1128b6
1184641714,7/18/2019,2019,1128b6
1194801662,2/20/2019,2019,1128a1
1194801662,2/20/2019,2019,1128a1
1194801662,2/20/2019,2019,1128a1
1194801662,2/20/2019,2019,1128a1
1194801662,2/20/2019,2019,1128a1
1194801662,2/20/2019,2019,1128a1
1194801662,2/20/2019,2019,1128a1
1194801662,2/20/2019,2019,1128a1
1194801662,2/20/2019,2019,1128a1
1194801662,2/20/2019,2019,1128a1
1194801662,2/20/2019,2019,1128a1
1194801662,2/20/2019,2019,1128a1
1194801662,2/20/2019,2019,1128a1
1194801662,2/20/2019,2019,1128a1
1194801662,2/20/2019,2019,1128a1
1194801662,2/20/2019,2019,1128a1
1194801662,2/20/2019,2019,1128a1
1194801662,2/20/2019,2019,1128a1
1194801662,2/20/2019,2019,1128a1
1194801662,2/20/2019,2019,1128a1
1194801662,2/20/2019,2019,1128a1
1194801662,2/20/2019,2019,1128a1
1194801662,2/20/2019,2019,1128a1
1194801662,2/20/2019,2019,1128a1
1194801662,2/20/2019,2019,1128a1
1194801662,2/20/2019,2019,1128a1
1194801662,2/20/2019,2019,1128a1
1194801662,2/20/2019,2019,1128a1
1194957761,6/20/2019,2019,1128a4
1194957761,6/20/2019,2019,1128a4
1194957761,6/20/2019,2019,1128a4
1194957761,6/20/2019,2019,1128a4
1194957761,6/20/2019,2019,1128a4
1194957761,6/20/2019,2019,1128a4
1194957761,6/20/2019,2019,1128a4
1194957761,6/20/2019,2019,1128a4
1194957761,6/20/2019,2019,1128a4
1194957761,6/20/2019,2019,1128a4
1194957761,6/20/2019,2019,1128a4
1205263241,5/20/2019,2019,1128a1
1205263241,5/20/2019,2019,1128a1
1205263241,5/20/2019,2019,1128a1
1205263241,5/20/2019,2019,1128a1
1205263241,5/20/2019,2019,1128a1
1205263241,5/20/2019,2019,1128a1
1205263241,5/20/2019,2019,1128a1
1205263241,5/20/2019,2019,1128a1
1205263241,5/20/2019,2019,1128a1
1205263241,5/20/2019,2019,1128a1
1205263241,5/20/2019,2019,1128a1
1205263241,5/20/2019,2019,1128a1
1205263241,5/20/2019,2019,1128a1
1205263241,5/20/2019,2019,1128a1
1205263241,5/20/2019,2019,1128a1
1205263241,5/20/2019,2019,1128a1
1205263241,5/20/2019,2019,1128a1
1205263241,5/20/2019,2019,1128a1
1205263241,5/20/2019,2019,1128a1
1205263241,5/20/2019,2019,1128a1
1205263241,5/20/2019,2019,1128a1
1205263241,5/20/2019,2019,1128a1
1205263241,5/20/2019,2019,1128a1
1205263241,5/20/2019,2019,1128a1
1205806163,3/20/2018,2018,1128a1
1205806163,3/20/2018,2018,1128a1
1205806163,3/20/2018,2018,1128a1
1205806163,3/20/2018,2018,1128a1
1205806163,3/20/2018,2018,1128a1
1205806163,3/20/2018,2018,1128a1
1205806163,3/20/2018,2018,1128a1
1205806163,3/20/2018,2018,1128a1
1205806163,3/20/2018,2018,1128a1
1205806163,3/20/2018,2018,1128a1
1215053665,6/20/2018,2018,1128b4
1215053665,6/20/2018,2018,1128b4
1215328323,11/20/2018,2018,1128a1
1245210764,11/20/2018,2018,1128a1
1245210764,11/20/2018,2018,1128a1
1245210764,11/20/2018,2018,1128a1
1245210764,11/20/2018,2018,1128a1
1245210764,11/20/2018,2018,1128a1
1245210764,11/20/2018,2018,1128a1
1245210764,11/20/2018,2018,1128a1
1245210764,11/20/2018,2018,1128a1
1245210764,11/20/2018,2018,1128a1
1245210764,11/20/2018,2018,1128a1
1245210764,11/20/2018,2018,1128a1
1245210764,11/20/2018,2018,1128a1
1245210764,11/20/2018,2018,1128a1
1245210764,11/20/2018,2018,1128a1
1245231406,10/19/2017,2017,1128a1
1255370367,5/20/2019,2019,1128b14
1255370367,5/20/2019,2019,1128b14
1255370367,5/20/2019,2019,1128b14
1255370367,5/20/2019,2019,1128b14
1255370367,5/20/2019,2019,1128b14
1275502932,10/19/2017,2017,1128b4
1275502932,10/19/2017,2017,1128b4
1275502932,10/19/2017,2017,1128b4
1275580169,5/20/2019,2019,1128a3
1275580169,5/20/2019,2019,1128a3
1275580169,5/20/2019,2019,1128a3
1275580169,5/20/2019,2019,1128a3
1275580169,5/20/2019,2019,1128a3
1275580169,5/20/2019,2019,1128a3
1275580169,5/20/2019,2019,1128a3
1275604027,4/18/2019,2019,1128a1
1275604027,4/18/2019,2019,1128a1
1275604027,4/18/2019,2019,1128a1
1275604027,4/18/2019,2019,1128a1
1275604027,4/18/2019,2019,1128a1
1275604027,4/18/2019,2019,1128a1
1275604027,4/18/2019,2019,1128a1
1275649048,12/4/2017,2017,1128b7
1275649048,12/4/2017,2017,1128b7
1275649048,12/4/2017,2017,1128b7
1275649048,12/4/2017,2017,1128b7
1275649048,12/4/2017,2017,1128b7
1275649048,12/4/2017,2017,1128b7
1275649048,12/4/2017,2017,1128b7
1275649048,12/4/2017,2017,1128b7
1275649048,12/4/2017,2017,1128b7
1275649048,12/4/2017,2017,1128b7
1275649048,12/4/2017,2017,1128b7
1275649048,12/4/2017,2017,1128b7
1275649048,12/4/2017,2017,1128b7
1275649048,12/4/2017,2017,1128b7
1275649048,12/4/2017,2017,1128b7
1275649048,12/4/2017,2017,1128b7
1275649048,12/4/2017,2017,1128b7
1275649048,12/4/2017,2017,1128b7
1275649048,12/4/2017,2017,1128b7
1275649048,12/4/2017,2017,1128b7
1285630186,12/20/2018,2018,1128b4
1285651638,8/17/2018,2018,1128b7
1285651638,8/17/2018,2018,1128b7
1285651638,8/17/2018,2018,1128b7
1285651638,8/17/2018,2018,1128b7
1285651638,8/17/2018,2018,1128b7
1285651638,8/17/2018,2018,1128b7
1285651638,8/17/2018,2018,1128b7
1285651638,8/17/2018,2018,1128b7
1285651638,8/17/2018,2018,1128b7
1285651638,8/17/2018,2018,1128b7
1285651638,8/17/2018,2018,1128b7
1285651638,8/17/2018,2018,1128b7
1285651638,8/17/2018,2018,1128b7
1285651638,8/17/2018,2018,1128b7
1285651638,8/17/2018,2018,1128b7
1285651638,8/17/2018,2018,1128b7
1285651638,8/17/2018,2018,1128b7
1285651638,8/17/2018,2018,1128b7
1285651638,8/17/2018,2018,1128b7
1285651638,8/17/2018,2018,1128b7
1285651638,8/17/2018,2018,1128b7
1285651638,8/17/2018,2018,1128b7
1285651638,8/17/2018,2018,1128b7
1285651638,8/17/2018,2018,1128b7
1285651638,8/17/2018,2018,1128b7
1285651638,8/17/2018,2018,1128b7
1285651638,8/17/2018,2018,1128b7
1285651638,8/17/2018,2018,1128b7
1285651638,8/17/2018,2018,1128b7
1285651638,8/17/2018,2018,1128b7
1285651638,8/17/2018,2018,1128b7
1285651638,8/17/2018,2018,1128b7
1285651638,8/17/2018,2018,1128b7
1285651638,8/17/2018,2018,1128b7
1285651638,8/17/2018,2018,1128b7
1285651638,8/17/2018,2018,1128b7
1285651638,8/17/2018,2018,1128b7
1285651638,8/17/2018,2018,1128b7
1285651638,8/17/2018,2018,1128b7
1285651638,8/17/2018,2018,1128b7
1285651638,8/17/2018,2018,1128b7
1285651638,8/17/2018,2018,1128b7
1285651638,8/17/2018,2018,1128b7
1285651638,8/17/2018,2018,1128b7
1285651638,8/17/2018,2018,1128b7
1285651638,8/17/2018,2018,1128b7
1285651638,8/17/2018,2018,1128b7
1285651638,8/17/2018,2018,1128b7
1285651638,8/17/2018,2018,1128b7
1285651638,8/17/2018,2018,1128b7
1285651638,8/17/2018,2018,1128b7
1285651638,8/17/2018,2018,1128b7
1285651638,8/17/2018,2018,1128b7
1285651638,8/17/2018,2018,1128b7
1285651638,8/17/2018,2018,1128b7
1285651638,8/17/2018,2018,1128b7
1285651638,8/17/2018,2018,1128b7
1285651638,8/17/2018,2018,1128b7
1285651638,8/17/2018,2018,1128b7
1285651638,8/17/2018,2018,1128b7
1285651638,8/17/2018,2018,1128b7
1285651638,8/17/2018,2018,1128b7
1285651638,8/17/2018,2018,1128b7
1285651638,8/17/2018,2018,1128b7
1285651638,8/17/2018,2018,1128b7
1285651638,8/17/2018,2018,1128b7
1285651638,8/17/2018,2018,1128b7
1285651638,8/17/2018,2018,1128b7
1285651638,8/17/2018,2018,1128b7
1285651638,8/17/2018,2018,1128b7
1285651638,8/17/2018,2018,1128b7
1285651638,8/17/2018,2018,1128b7
1285651638,8/17/2018,2018,1128b7
1285651638,8/17/2018,2018,1128b7
1285651638,8/17/2018,2018,1128b7
1285651638,8/17/2018,2018,1128b7
1285651638,8/17/2018,2018,1128b7
1285651638,8/17/2018,2018,1128b7
1285651638,8/17/2018,2018,1128b7
1285651638,8/17/2018,2018,1128b7
1285651638,8/17/2018,2018,1128b7
1285651638,8/17/2018,2018,1128b7
1285651638,8/17/2018,2018,1128b7
1285651638,8/17/2018,2018,1128b7
1285651638,8/17/2018,2018,1128b7
1285651638,8/17/2018,2018,1128b7
1285651638,8/17/2018,2018,1128b7
1285651638,8/17/2018,2018,1128b7
1285651638,8/17/2018,2018,1128b7
1285651638,8/17/2018,2018,1128b7
1285651638,8/17/2018,2018,1128b7
1285651638,8/17/2018,2018,1128b7
1285651638,8/17/2018,2018,1128b7
1285651638,8/17/2018,2018,1128b7
1285651638,8/17/2018,2018,1128b7
1285651638,8/17/2018,2018,1128b7
1285651638,8/17/2018,2018,1128b7
1285651638,8/17/2018,2018,1128b7
1285651638,8/17/2018,2018,1128b7
1285651638,8/17/2018,2018,1128b7
1285651638,8/17/2018,2018,1128b7
1285651638,8/17/2018,2018,1128b7
1285651638,8/17/2018,2018,1128b7
1285651638,8/17/2018,2018,1128b7
1285651638,8/17/2018,2018,1128b7
1285651638,8/17/2018,2018,1128b7
1285651638,8/17/2018,2018,1128b7
1285651638,8/17/2018,2018,1128b7
1285651638,8/17/2018,2018,1128b7
1285651638,8/17/2018,2018,1128b7
1285651638,8/17/2018,2018,1128b7
1285651638,8/17/2018,2018,1128b7
1285651638,8/17/2018,2018,1128b7
1285651638,8/17/2018,2018,1128b7
1285651638,8/17/2018,2018,1128b7
1285651638,8/17/2018,2018,1128b7
1285651638,8/17/2018,2018,1128b7
1285651638,8/17/2018,2018,1128b7
1285651638,8/17/2018,2018,1128b7
1285651638,8/17/2018,2018,1128b7
1285651638,8/17/2018,2018,1128b7
1285651638,8/17/2018,2018,1128b7
1285651638,8/17/2018,2018,1128b7
1285651638,8/17/2018,2018,1128b7
1285651638,8/17/2018,2018,1128b7
1285651638,8/17/2018,2018,1128b7
1285651638,8/17/2018,2018,1128b7
1285651638,8/17/2018,2018,1128b7
1285651638,8/17/2018,2018,1128b7
1285651638,8/17/2018,2018,1128b7
1285651638,8/17/2018,2018,1128b7
1285651638,8/17/2018,2018,1128b7
1285663682,11/20/2018,2018,1128b14
1285663682,11/20/2018,2018,1128b14
1285663682,11/20/2018,2018,1128b14
1285663682,11/20/2018,2018,1128b14
1285663682,11/20/2018,2018,1128b14
1285663682,11/20/2018,2018,1128b14
1285663682,11/20/2018,2018,1128b14
1285663682,11/20/2018,2018,1128b14
1285663682,11/20/2018,2018,1128b14
1285663682,11/20/2018,2018,1128b14
1285663682,11/20/2018,2018,1128b14
1285663682,11/20/2018,2018,1128b14
1285663682,11/20/2018,2018,1128b14
1295705291,1/18/2018,2018,1128a1
1295705291,1/18/2018,2018,1128a1
1295705291,1/18/2018,2018,1128a1
1295705291,1/18/2018,2018,1128a1
1295705291,1/18/2018,2018,1128a1
1295705291,1/18/2018,2018,1128a1
1295705291,1/18/2018,2018,1128a1
1295705291,1/18/2018,2018,1128a1
1295705291,1/18/2018,2018,1128a1
1306136650,7/12/2019,2019,1128b3
1306136650,7/12/2019,2019,1128b3
1306136650,7/12/2019,2019,1128b3
1306136650,7/12/2019,2019,1128b3
1306136650,7/12/2019,2019,1128b3
1306240171,10/19/2017,2017,1128b7
1306240171,10/19/2017,2017,1128b7
1306240171,10/19/2017,2017,1128b7
1306240171,10/19/2017,2017,1128b7
1306240171,10/19/2017,2017,1128b7
1306249826,3/20/2019,2019,1128a1
1306249826,3/20/2019,2019,1128a1
1306249826,3/20/2019,2019,1128a1
1306867742,5/20/2018,2018,1128b4
1306867742,5/20/2018,2018,1128b4
1306867742,5/20/2018,2018,1128b4
1306904651,6/20/2019,2019,1128a1
1306905716,6/20/2019,2019,1128a4
1306905716,6/20/2019,2019,1128a4
1306906854,11/30/2018,2018,1128b7
1306906854,11/30/2018,2018,1128b7
1306906854,11/30/2018,2018,1128b7
1306906854,11/30/2018,2018,1128b7
1306906854,11/30/2018,2018,1128b7
1306906854,11/30/2018,2018,1128b7
1306906854,11/30/2018,2018,1128b7
1306906854,11/30/2018,2018,1128b7
1306906854,11/30/2018,2018,1128b7
1306906854,11/30/2018,2018,1128b7
1306906854,11/30/2018,2018,1128b7
1306906854,11/30/2018,2018,1128b7
1306906854,11/30/2018,2018,1128b7
1306906854,11/30/2018,2018,1128b7
1306906854,11/30/2018,2018,1128b7
1316008766,10/19/2017,2017,1128b4
1316067051,12/20/2018,2018,1128b4
1326008384,4/18/2019,2019,1128a1
1326008384,4/18/2019,2019,1128a1
1326008384,4/18/2019,2019,1128a1
1326008384,4/18/2019,2019,1128a1
1326008384,4/18/2019,2019,1128a1
1326008384,4/18/2019,2019,1128a1
1326008384,4/18/2019,2019,1128a1
1326008384,4/18/2019,2019,1128a1
1326008384,4/18/2019,2019,1128a1
1326008384,4/18/2019,2019,1128a1
1326008384,4/18/2019,2019,1128a1
1326008384,4/18/2019,2019,1128a1
1326008384,4/18/2019,2019,1128a1
1326095761,6/20/2019,2019,1128b4
1326095761,6/20/2019,2019,1128b4
1326095761,6/20/2019,2019,1128b4
1326095761,6/20/2019,2019,1128b4
1326095761,6/20/2019,2019,1128b4
1326095761,6/20/2019,2019,1128b4
1326095761,6/20/2019,2019,1128b4
1326095761,6/20/2019,2019,1128b4
1326095761,6/20/2019,2019,1128b4
1326095761,6/20/2019,2019,1128b4
1326095761,6/20/2019,2019,1128b4
1326095761,6/20/2019,2019,1128b4
1326095761,6/20/2019,2019,1128b4
1326095761,6/20/2019,2019,1128b4
1326095761,6/20/2019,2019,1128b4
1326095761,6/20/2019,2019,1128b4
1326095761,6/20/2019,2019,1128b4
1326095761,6/20/2019,2019,1128b4
1326095761,6/20/2019,2019,1128b4
1326095761,6/20/2019,2019,1128b4
1326095761,6/20/2019,2019,1128b4
1326095761,6/20/2019,2019,1128b4
1326095761,6/20/2019,2019,1128b4
1326095761,6/20/2019,2019,1128b4
1326095761,6/20/2019,2019,1128b4
1326095761,6/20/2019,2019,1128b4
1326095761,6/20/2019,2019,1128b4
1326187626,2/20/2019,2019,1128a1
1326187626,2/20/2019,2019,1128a1
1326187626,2/20/2019,2019,1128a1
1326187626,2/20/2019,2019,1128a1
1326218959,9/20/2018,2018,1128b4
1326218959,9/20/2018,2018,1128b4
1336140177,5/28/2019,2019,1128b7
1336140177,5/28/2019,2019,1128b7
1336140177,5/28/2019,2019,1128b7
1336140177,5/28/2019,2019,1128b7
1336186600,8/20/2018,2018,1128a1
1336186600,8/20/2018,2018,1128a1
1336186600,8/20/2018,2018,1128a1
1336186600,8/20/2018,2018,1128a1
1336186600,8/20/2018,2018,1128a1
1336186600,8/20/2018,2018,1128a1
1336186600,8/20/2018,2018,1128a1
1336186600,8/20/2018,2018,1128a1
1336186600,8/20/2018,2018,1128a1
1336186600,8/20/2018,2018,1128a1
1336186600,8/20/2018,2018,1128a1
1336186600,8/20/2018,2018,1128a1
1336186600,8/20/2018,2018,1128a1
1336186600,8/20/2018,2018,1128a1
1336186600,8/20/2018,2018,1128a1
1336186600,8/20/2018,2018,1128a1
1336186600,8/20/2018,2018,1128a1
1336186600,8/20/2018,2018,1128a1
1336186600,8/20/2018,2018,1128a1
1346207776,9/20/2018,2018,1128b4
1346207776,9/20/2018,2018,1128b4
1346207776,9/20/2018,2018,1128b4
1346207776,9/20/2018,2018,1128b4
1346207776,9/20/2018,2018,1128b4
1346207776,9/20/2018,2018,1128b4
1346207776,9/20/2018,2018,1128b4
1346207776,9/20/2018,2018,1128b4
1346207776,9/20/2018,2018,1128b4
1346207776,9/20/2018,2018,1128b4
1346207776,9/20/2018,2018,1128b4
1346207776,9/20/2018,2018,1128b4
1346207776,9/20/2018,2018,1128b4
1346207776,9/20/2018,2018,1128b4
1346207776,9/20/2018,2018,1128b4
1346207776,9/20/2018,2018,1128b4
1346207776,9/20/2018,2018,1128b4
1346207776,9/20/2018,2018,1128b4
1346207776,9/20/2018,2018,1128b4
1346207776,9/20/2018,2018,1128b4
1346207776,9/20/2018,2018,1128b4
1346207776,9/20/2018,2018,1128b4
1346207776,9/20/2018,2018,1128b4
1356354252,5/15/2017,2017,1128b7
1356354252,5/15/2017,2017,1128b7
1356354252,5/15/2017,2017,1128b7
1356354252,5/15/2017,2017,1128b7
1356354252,5/15/2017,2017,1128b7
1356354252,5/15/2017,2017,1128b7
1356354252,5/15/2017,2017,1128b7
1356354252,5/15/2017,2017,1128b7
1356354252,5/15/2017,2017,1128b7
1356354252,5/15/2017,2017,1128b7
1356354252,5/15/2017,2017,1128b7
1356354252,5/15/2017,2017,1128b7
1366765323,4/18/2019,2019,1128a3
1366765323,4/18/2019,2019,1128a3
1366765323,4/18/2019,2019,1128a3
1366765323,4/18/2019,2019,1128a3
1366765323,4/18/2019,2019,1128a3
1366765323,4/18/2019,2019,1128a3
1366765323,4/18/2019,2019,1128a3
1366765323,4/18/2019,2019,1128a3
1366765323,4/18/2019,2019,1128a3
1366765323,4/18/2019,2019,1128a3
1366765323,4/18/2019,2019,1128a3
1366765323,4/18/2019,2019,1128a3
1366765323,4/18/2019,2019,1128a3
1366765323,4/18/2019,2019,1128a3
1366765323,4/18/2019,2019,1128a3
1366765323,4/18/2019,2019,1128a3
1366765323,4/18/2019,2019,1128a3
1366765323,4/18/2019,2019,1128a3
1366765323,4/18/2019,2019,1128a3
1366765323,4/18/2019,2019,1128a3
1366765323,4/18/2019,2019,1128a3
1366765323,4/18/2019,2019,1128a3
1366765323,4/18/2019,2019,1128a3
1366765323,4/18/2019,2019,1128a3
1366765323,4/18/2019,2019,1128a3
1366765323,4/18/2019,2019,1128a3
1366765323,4/18/2019,2019,1128a3
1366765323,4/18/2019,2019,1128a3
1366765323,4/18/2019,2019,1128a3
1366765323,4/18/2019,2019,1128a3
1366765323,4/18/2019,2019,1128a3
1366765323,4/18/2019,2019,1128a3
1366765323,4/18/2019,2019,1128a3
1376516609,8/20/2019,2019,1128a3
1376516609,8/20/2019,2019,1128a3
1376516609,8/20/2019,2019,1128a3
1376643296,7/18/2019,2019,1128a4
1376643296,7/18/2019,2019,1128a4
1376643296,7/18/2019,2019,1128a4
1376643296,7/18/2019,2019,1128a4
1376643296,7/18/2019,2019,1128a4
1376643296,7/18/2019,2019,1128a4
1376643296,7/18/2019,2019,1128a4
1376643296,7/18/2019,2019,1128a4
1376643296,7/18/2019,2019,1128a4
1376643296,7/18/2019,2019,1128a4
1376643296,7/18/2019,2019,1128a4
1376643296,7/18/2019,2019,1128a4
1376643296,7/18/2019,2019,1128a4
1376643296,7/18/2019,2019,1128a4
1386631869,2/20/2019,2019,1128a1
1386631869,2/20/2019,2019,1128a1
1386631869,2/20/2019,2019,1128a1
1386631869,2/20/2019,2019,1128a1
1386631869,2/20/2019,2019,1128a1
1386631869,2/20/2019,2019,1128a1
1386631869,2/20/2019,2019,1128a1
1386631869,2/20/2019,2019,1128a1
1386631869,2/20/2019,2019,1128a1
1386631869,2/20/2019,2019,1128a1
1386631869,2/20/2019,2019,1128a1
1386631869,2/20/2019,2019,1128a1
1386631869,2/20/2019,2019,1128a1
1386631869,2/20/2019,2019,1128a1
1386631869,2/20/2019,2019,1128a1
1386631869,2/20/2019,2019,1128a1
1386631869,2/20/2019,2019,1128a1
1386631869,2/20/2019,2019,1128a1
1386631869,2/20/2019,2019,1128a1
1386631869,2/20/2019,2019,1128a1
1386631869,2/20/2019,2019,1128a1
1386631869,2/20/2019,2019,1128a1
1386631869,2/20/2019,2019,1128a1
1386631869,2/20/2019,2019,1128a1
1386631869,2/20/2019,2019,1128a1
1386656221,4/18/2019,2019,1128b4
1386656221,4/18/2019,2019,1128b4
1386656221,4/18/2019,2019,1128b4
1386656221,4/18/2019,2019,1128b4
1386656221,4/18/2019,2019,1128b4
1386656221,4/18/2019,2019,1128b4
1386656221,4/18/2019,2019,1128b4
1386656221,4/18/2019,2019,1128b4
1386656221,4/18/2019,2019,1128b4
1386656221,4/18/2019,2019,1128b4
1386656221,4/18/2019,2019,1128b4
1386656221,4/18/2019,2019,1128b4
1386656221,4/18/2019,2019,1128b4
1386656221,4/18/2019,2019,1128b4
1386656221,4/18/2019,2019,1128b4
1386670461,8/20/2018,2018,1128a1
1386670461,8/20/2018,2018,1128a1
1386670461,8/20/2018,2018,1128a1
1386670461,8/20/2018,2018,1128a1
1386670461,8/20/2018,2018,1128a1
1386670461,8/20/2018,2018,1128a1
1386670461,8/20/2018,2018,1128a1
1386670461,8/20/2018,2018,1128a1
1386670461,8/20/2018,2018,1128a1
1396070603,10/24/2017,2017,1128b7
1396070603,10/24/2017,2017,1128b7
1396070603,10/24/2017,2017,1128b7
1396744892,2/20/2018,2018,1128b4
1396744892,2/20/2018,2018,1128b4
1396744892,2/20/2018,2018,1128b4
1396744892,2/20/2018,2018,1128b4
1396744892,2/20/2018,2018,1128b4
1396744892,2/20/2018,2018,1128b4
1417008756,5/20/2018,2018,1128a3
1417008756,5/20/2018,2018,1128a3
1417008756,5/20/2018,2018,1128a3
1417008756,5/20/2018,2018,1128a3
1417008756,5/20/2018,2018,1128a3
1417008756,5/20/2018,2018,1128a3
1417008756,5/20/2018,2018,1128a3
1417008756,5/20/2018,2018,1128a3
1417261843,8/20/2018,2018,1128b4
1417261843,8/20/2018,2018,1128b4
1427385004,6/20/2019,2019,1128a4
1427385004,6/20/2019,2019,1128a4
1427385004,6/20/2019,2019,1128a4
1427385004,6/20/2019,2019,1128a4
1427385004,6/20/2019,2019,1128a4
1427385004,6/20/2019,2019,1128a4
1427385004,6/20/2019,2019,1128a4
1427385004,6/20/2019,2019,1128a4
1427385004,6/20/2019,2019,1128a4
1427385004,6/20/2019,2019,1128a4
1427385004,6/20/2019,2019,1128a4
1427385004,6/20/2019,2019,1128a4
1427385004,6/20/2019,2019,1128a4
1427385004,6/20/2019,2019,1128a4
1427385004,6/20/2019,2019,1128a4
1427385004,6/20/2019,2019,1128a4
1427385004,6/20/2019,2019,1128a4
1427385004,6/20/2019,2019,1128a4
1427385004,6/20/2019,2019,1128a4
1427385004,6/20/2019,2019,1128a4
1427385004,6/20/2019,2019,1128a4
1427385004,6/20/2019,2019,1128a4
1427385004,6/20/2019,2019,1128a4
1427385004,6/20/2019,2019,1128a4
1427385004,6/20/2019,2019,1128a4
1447243373,11/20/2017,2017,1128a3
1447243373,11/20/2017,2017,1128a3
1447292297,11/20/2018,2018,1128a1
1447292297,11/20/2018,2018,1128a1
1467447557,3/20/2019,2019,1128a1
1467447557,3/20/2019,2019,1128a1
1467447557,3/20/2019,2019,1128a1
1467447557,3/20/2019,2019,1128a1
1467447557,3/20/2019,2019,1128a1
1467447557,3/20/2019,2019,1128a1
1467447557,3/20/2019,2019,1128a1
1467447557,3/20/2019,2019,1128a1
1467447557,3/20/2019,2019,1128a1
1467447557,3/20/2019,2019,1128a1
1467447557,3/20/2019,2019,1128a1
1467447557,3/20/2019,2019,1128a1
1467447557,3/20/2019,2019,1128a1
1467447557,3/20/2019,2019,1128a1
1467447557,3/20/2019,2019,1128a1
1467447557,3/20/2019,2019,1128a1
1467447557,3/20/2019,2019,1128a1
1467447557,3/20/2019,2019,1128a1
1467447557,3/20/2019,2019,1128a1
1467474882,12/20/2018,2018,1128b4
1467519124,3/20/2018,2018,1128a1
1467519124,3/20/2018,2018,1128a1
1467519124,3/20/2018,2018,1128a1
1467519124,3/20/2018,2018,1128a1
1467519124,3/20/2018,2018,1128a1
1477507739,5/20/2018,2018,1128a4
1477539419,5/20/2019,2019,1128a1
1477539419,5/20/2019,2019,1128a1
1477539419,5/20/2019,2019,1128a1
1477539419,5/20/2019,2019,1128a1
1477539419,5/20/2019,2019,1128a1
1477539419,5/20/2019,2019,1128a1
1477539419,5/20/2019,2019,1128a1
1477539419,5/20/2019,2019,1128a1
1477539419,5/20/2019,2019,1128a1
1477539419,5/20/2019,2019,1128a1
1477539419,5/20/2019,2019,1128a1
1477539419,5/20/2019,2019,1128a1
1477539419,5/20/2019,2019,1128a1
1477539419,5/20/2019,2019,1128a1
1477539419,5/20/2019,2019,1128a1
1477539419,5/20/2019,2019,1128a1
1477539419,5/20/2019,2019,1128a1
1477553840,8/20/2019,2019,1128a3
1477553840,8/20/2019,2019,1128a3
1477553840,8/20/2019,2019,1128a3
1477553840,8/20/2019,2019,1128a3
1477553840,8/20/2019,2019,1128a3
1477553840,8/20/2019,2019,1128a3
1477553840,8/20/2019,2019,1128a3
1477553840,8/20/2019,2019,1128a3
1477553840,8/20/2019,2019,1128a3
1477553840,8/20/2019,2019,1128a3
1477553840,8/20/2019,2019,1128a3
1477553840,8/20/2019,2019,1128a3
1477553840,8/20/2019,2019,1128a3
1477553840,8/20/2019,2019,1128a3
1477553840,8/20/2019,2019,1128a3
1477553840,8/20/2019,2019,1128a3
1477553840,8/20/2019,2019,1128a3
1477553840,8/20/2019,2019,1128a3
1477553840,8/20/2019,2019,1128a3
1477553840,8/20/2019,2019,1128a3
1477553840,8/20/2019,2019,1128a3
1477553840,8/20/2019,2019,1128a3
1477553840,8/20/2019,2019,1128a3
1487629796,9/20/2018,2018,1128b4
1487629796,9/20/2018,2018,1128b4
1487629796,9/20/2018,2018,1128b4
1487629796,9/20/2018,2018,1128b4
1487629796,9/20/2018,2018,1128b4
1487629796,9/20/2018,2018,1128b4
1487807319,4/18/2019,2019,1128a1
1487807319,4/18/2019,2019,1128a1
1487807319,4/18/2019,2019,1128a1
1487807319,4/18/2019,2019,1128a1
1487807319,4/18/2019,2019,1128a1
1497712418,9/11/2017,2017,1128b7
1497712418,9/11/2017,2017,1128b7
1497712418,9/11/2017,2017,1128b7
1497745905,4/19/2018,2018,1128a1
1497745905,4/19/2018,2018,1128a1
1497745905,4/19/2018,2018,1128a1
1497745905,4/19/2018,2018,1128a1
1497745905,4/19/2018,2018,1128a1
1497745905,4/19/2018,2018,1128a1
1497745905,4/19/2018,2018,1128a1
1497749089,5/20/2018,2018,1128a1
1508955055,8/20/2019,2019,1128a4
1508955055,8/20/2019,2019,1128a4
1508955055,8/20/2019,2019,1128a4
1508955055,8/20/2019,2019,1128a4
1508955055,8/20/2019,2019,1128a4
1508955055,8/20/2019,2019,1128a4
1508955055,8/20/2019,2019,1128a4
1508955055,8/20/2019,2019,1128a4
1508955055,8/20/2019,2019,1128a4
1508955055,8/20/2019,2019,1128a4
1508955055,8/20/2019,2019,1128a4
1508955055,8/20/2019,2019,1128a4
1518387760,9/8/2017,2017,1128b7
1518387760,9/8/2017,2017,1128b7
1518387760,9/8/2017,2017,1128b7
1518387760,9/8/2017,2017,1128b7
1518387760,9/8/2017,2017,1128b7
1518387760,9/8/2017,2017,1128b7
1518387760,9/8/2017,2017,1128b7
1518387760,9/8/2017,2017,1128b7
1518387760,9/8/2017,2017,1128b7
1518387760,9/8/2017,2017,1128b7
1518387760,9/8/2017,2017,1128b7
1518387760,9/8/2017,2017,1128b7
1528082740,4/19/2018,2018,1128a2
1528088325,6/20/2018,2018,1128a1
1528088325,6/20/2018,2018,1128a1
1528088325,6/20/2018,2018,1128a1
1528088325,6/20/2018,2018,1128a1
1538186127,4/18/2019,2019,1128a1
1538186127,4/18/2019,2019,1128a1
1538186127,4/18/2019,2019,1128a1
1538186127,4/18/2019,2019,1128a1
1538186127,4/18/2019,2019,1128a1
1538186127,4/18/2019,2019,1128a1
1538186127,4/18/2019,2019,1128a1
1538186127,4/18/2019,2019,1128a1
1538186127,4/18/2019,2019,1128a1
1538186127,4/18/2019,2019,1128a1
1538186127,4/18/2019,2019,1128a1
1538186127,4/18/2019,2019,1128a1
1538186127,4/18/2019,2019,1128a1
1538186127,4/18/2019,2019,1128a1
1538186127,4/18/2019,2019,1128a1
1538186127,4/18/2019,2019,1128a1
1538186127,4/18/2019,2019,1128a1
1538186127,4/18/2019,2019,1128a1
1538186127,4/18/2019,2019,1128a1
1538186127,4/18/2019,2019,1128a1
1538186127,4/18/2019,2019,1128a1
1538186127,4/18/2019,2019,1128a1
1538186127,4/18/2019,2019,1128a1
1538186127,4/18/2019,2019,1128a1
1538186127,4/18/2019,2019,1128a1
1538321047,8/20/2018,2018,1128a1
1538321047,8/20/2018,2018,1128a1
1538321047,8/20/2018,2018,1128a1
1538321047,8/20/2018,2018,1128a1
1538321047,8/20/2018,2018,1128a1
1538321047,8/20/2018,2018,1128a1
1538321047,8/20/2018,2018,1128a1
1538321047,8/20/2018,2018,1128a1
1538321047,8/20/2018,2018,1128a1
1538321047,8/20/2018,2018,1128a1
1538359104,3/20/2019,2019,1128a1
1538359104,3/20/2019,2019,1128a1
1538359104,3/20/2019,2019,1128a1
1538359104,3/20/2019,2019,1128a1
1538359104,3/20/2019,2019,1128a1
1538359104,3/20/2019,2019,1128a1
1538359104,3/20/2019,2019,1128a1
1538359104,3/20/2019,2019,1128a1
1538359104,3/20/2019,2019,1128a1
1538359104,3/20/2019,2019,1128a1
1538359104,3/20/2019,2019,1128a1
1538359104,3/20/2019,2019,1128a1
1538359104,3/20/2019,2019,1128a1
1538359104,3/20/2019,2019,1128a1
1538359104,3/20/2019,2019,1128a1
1538359104,3/20/2019,2019,1128a1
1538359104,3/20/2019,2019,1128a1
1538359104,3/20/2019,2019,1128a1
1538359104,3/20/2019,2019,1128a1
1538359104,3/20/2019,2019,1128a1
1538359104,3/20/2019,2019,1128a1
1538359104,3/20/2019,2019,1128a1
1538359104,3/20/2019,2019,1128a1
1538359104,3/20/2019,2019,1128a1
1538359104,3/20/2019,2019,1128a1
1538359104,3/20/2019,2019,1128a1
1538359104,3/20/2019,2019,1128a1
1538359104,3/20/2019,2019,1128a1
1538359104,3/20/2019,2019,1128a1
1538359104,3/20/2019,2019,1128a1
1548427164,9/20/2018,2018,1128a1
1548427164,9/20/2018,2018,1128a1
1548427164,9/20/2018,2018,1128a1
1548427164,9/20/2018,2018,1128a1
1548427164,9/20/2018,2018,1128a1
1558347468,1/20/2019,2019,1128b4
1558479147,9/20/2018,2018,1128b4
1558479147,9/20/2018,2018,1128b4
1558479147,9/20/2018,2018,1128b4
1558479147,9/20/2018,2018,1128b4
1558640201,1/20/2019,2019,1128b4
1558640201,1/20/2019,2019,1128b4
1558640201,1/20/2019,2019,1128b4
1558707331,7/8/2019,2019,1128b7
1558707331,7/8/2019,2019,1128b7
1558707331,7/8/2019,2019,1128b7
1578794715,7/18/2019,2019,1128a4
1578794715,7/18/2019,2019,1128a4
1578794715,7/18/2019,2019,1128a4
1578794715,7/18/2019,2019,1128a4
1578794715,7/18/2019,2019,1128a4
1578794715,7/18/2019,2019,1128a4
1578794715,7/18/2019,2019,1128a4
1578794715,7/18/2019,2019,1128a4
1598701633,7/19/2018,2018,1128a1
1598701633,7/19/2018,2018,1128a1
1598701633,7/19/2018,2018,1128a1
1598701633,7/19/2018,2018,1128a1
1598714784,8/20/2018,2018,1128a1
1598714784,8/20/2018,2018,1128a1
1598714784,8/20/2018,2018,1128a1
1598714784,8/20/2018,2018,1128a1
1598714784,8/20/2018,2018,1128a1
1598714784,8/20/2018,2018,1128a1
1598714784,8/20/2018,2018,1128a1
1598714784,8/20/2018,2018,1128a1
1598714784,8/20/2018,2018,1128a1
1598714784,8/20/2018,2018,1128a1
1598714784,8/20/2018,2018,1128a1
1598714784,8/20/2018,2018,1128a1
1598718520,6/20/2018,2018,1128b4
1598718520,6/20/2018,2018,1128b4
1598718520,6/20/2018,2018,1128b4
1598718520,6/20/2018,2018,1128b4
1598718520,6/20/2018,2018,1128b4
1598718520,6/20/2018,2018,1128b4
1598718520,6/20/2018,2018,1128b4
1598718520,6/20/2018,2018,1128b4
1598718520,6/20/2018,2018,1128b4
1598718520,6/20/2018,2018,1128b4
1598743262,2/20/2019,2019,1128a2
1598743262,2/20/2019,2019,1128a2
1598874422,6/20/2019,2019,1128a3
1598874422,6/20/2019,2019,1128a3
1598874422,6/20/2019,2019,1128a3
1598874422,6/20/2019,2019,1128a3
1609849306,5/20/2019,2019,1128a1
1619029691,5/20/2019,2019,1128a1
1619029691,5/20/2019,2019,1128a1
1619029691,5/20/2019,2019,1128a1
1639172307,6/20/2019,2019,1128a1
1639175763,1/20/2019,2019,1128a1
1639175763,1/20/2019,2019,1128a1
1639175763,1/20/2019,2019,1128a1
1639175763,1/20/2019,2019,1128a1
1639175763,1/20/2019,2019,1128a1
1639260193,6/20/2019,2019,1128a1
1639260193,6/20/2019,2019,1128a1
1639260193,6/20/2019,2019,1128a1
1639260193,6/20/2019,2019,1128a1
1639260193,6/20/2019,2019,1128a1
1639260193,6/20/2019,2019,1128a1
1639275969,9/20/2017,2017,1128a2
1639275969,9/20/2017,2017,1128a2
1639275969,9/20/2017,2017,1128a2
1639275969,9/20/2017,2017,1128a2
1639275969,9/20/2017,2017,1128a2
1639275969,9/20/2017,2017,1128a2
1639275969,9/20/2017,2017,1128a2
1639275969,9/20/2017,2017,1128a2
1639275969,9/20/2017,2017,1128a2
1639275969,9/20/2017,2017,1128a2
1639275969,9/20/2017,2017,1128a2
1639275969,9/20/2017,2017,1128a2
1639275969,9/20/2017,2017,1128a2
1639275969,9/20/2017,2017,1128a2
1639275969,9/20/2017,2017,1128a2
1639275969,9/20/2017,2017,1128a2
1639275969,9/20/2017,2017,1128a2
1639275969,9/20/2017,2017,1128a2
1639275969,9/20/2017,2017,1128a2
1639275969,9/20/2017,2017,1128a2
1639275969,9/20/2017,2017,1128a2
1639275969,9/20/2017,2017,1128a2
1639275969,9/20/2017,2017,1128a2
1639288269,9/20/2018,2018,1128a3
1649373291,4/18/2019,2019,1128a2
1649373291,4/18/2019,2019,1128a2
1649373291,4/18/2019,2019,1128a2
1649373291,4/18/2019,2019,1128a2
1649373291,4/18/2019,2019,1128a2
1659333706,4/18/2019,2019,1128a1
1659382133,8/20/2019,2019,1128a4
1659382133,8/20/2019,2019,1128a4
1659382133,8/20/2019,2019,1128a4
1659382133,8/20/2019,2019,1128a4
1659382133,8/20/2019,2019,1128a4
1659382133,8/20/2019,2019,1128a4
1659382133,8/20/2019,2019,1128a4
1659382133,8/20/2019,2019,1128a4
1659382133,8/20/2019,2019,1128a4
1659382133,8/20/2019,2019,1128a4
1659382133,8/20/2019,2019,1128a4
1659382133,8/20/2019,2019,1128a4
1659382133,8/20/2019,2019,1128a4
1659434108,3/20/2019,2019,1128b4
1669409298,2/20/2019,2019,1128b4
1669513701,10/19/2017,2017,1128a4
1669513701,10/19/2017,2017,1128a4
1669513701,10/19/2017,2017,1128a4
1679661052,4/18/2019,2019,1128a1
1679749188,9/20/2018,2018,1128b4
1679749188,9/20/2018,2018,1128b4
1679749188,9/20/2018,2018,1128b4
1679749188,9/20/2018,2018,1128b4
1679749188,9/20/2018,2018,1128b4
1679749188,9/20/2018,2018,1128b4
1679749188,9/20/2018,2018,1128b4
1679749188,9/20/2018,2018,1128b4
1679749188,9/20/2018,2018,1128b4
1679749188,9/20/2018,2018,1128b4
1679749188,9/20/2018,2018,1128b4
1679749188,9/20/2018,2018,1128b4
1679749188,9/20/2018,2018,1128b4
1679749188,9/20/2018,2018,1128b4
1679749188,9/20/2018,2018,1128b4
1679749188,9/20/2018,2018,1128b4
1679749188,9/20/2018,2018,1128b4
1679749188,9/20/2018,2018,1128b4
1679749188,9/20/2018,2018,1128b4
1679749188,9/20/2018,2018,1128b4
1679749188,9/20/2018,2018,1128b4
1679749188,9/20/2018,2018,1128b4
1679749188,9/20/2018,2018,1128b4
1679749188,9/20/2018,2018,1128b4
1679749188,9/20/2018,2018,1128b4
1679749188,9/20/2018,2018,1128b4
1689605818,6/20/2018,2018,1128a4
1689605818,6/20/2018,2018,1128a4
1689605818,6/20/2018,2018,1128a4
1689605818,6/20/2018,2018,1128a4
1689605818,6/20/2018,2018,1128a4
1689645608,9/22/2017,2017,1128b7
1689645608,9/22/2017,2017,1128b7
1689645608,9/22/2017,2017,1128b7
1689645608,9/22/2017,2017,1128b7
1689645608,9/22/2017,2017,1128b7
1689645608,9/22/2017,2017,1128b7
1689645608,9/22/2017,2017,1128b7
1689645608,9/22/2017,2017,1128b7
1689645608,9/22/2017,2017,1128b7
1689645608,9/22/2017,2017,1128b7
1689645632,5/20/2019,2019,1128a2
1689645632,5/20/2019,2019,1128a2
1689645632,5/20/2019,2019,1128a2
1689645632,5/20/2019,2019,1128a2
1689645632,5/20/2019,2019,1128a2
1689645632,5/20/2019,2019,1128a2
1689645632,5/20/2019,2019,1128a2
1689645632,5/20/2019,2019,1128a2
1689645632,5/20/2019,2019,1128a2
1689645632,5/20/2019,2019,1128a2
1689645632,5/20/2019,2019,1128a2
1689645632,5/20/2019,2019,1128a2
1689645632,5/20/2019,2019,1128a2
1689645632,5/20/2019,2019,1128a2
1689645632,5/20/2019,2019,1128a2
1689645632,5/20/2019,2019,1128a2
1689645632,5/20/2019,2019,1128a2
1689645632,5/20/2019,2019,1128a2
1730117003,5/20/2019,2019,1128a1
1730117003,5/20/2019,2019,1128a1
1730117003,5/20/2019,2019,1128a1
1730117003,5/20/2019,2019,1128a1
1730117003,5/20/2019,2019,1128a1
1730117003,5/20/2019,2019,1128a1
1730117003,5/20/2019,2019,1128a1
1730117003,5/20/2019,2019,1128a1
1730117003,5/20/2019,2019,1128a1
1730117003,5/20/2019,2019,1128a1
1730117003,5/20/2019,2019,1128a1
1730117003,5/20/2019,2019,1128a1
1730117003,5/20/2019,2019,1128a1
1730117003,5/20/2019,2019,1128a1
1730117003,5/20/2019,2019,1128a1
1730117003,5/20/2019,2019,1128a1
1730117003,5/20/2019,2019,1128a1
1730117003,5/20/2019,2019,1128a1
1730117003,5/20/2019,2019,1128a1
1730117003,5/20/2019,2019,1128a1
1730117003,5/20/2019,2019,1128a1
1730117003,5/20/2019,2019,1128a1
1730117003,5/20/2019,2019,1128a1
1730117003,5/20/2019,2019,1128a1
1730117003,5/20/2019,2019,1128a1
1730117003,5/20/2019,2019,1128a1
1730117003,5/20/2019,2019,1128a1
1730117003,5/20/2019,2019,1128a1
1730117003,5/20/2019,2019,1128a1
1730117003,5/20/2019,2019,1128a1
1730117003,5/20/2019,2019,1128a1
1730117003,5/20/2019,2019,1128a1
1730117003,5/20/2019,2019,1128a1
1730117003,5/20/2019,2019,1128a1
1730117003,5/20/2019,2019,1128a1
1730117003,5/20/2019,2019,1128a1
1730117003,5/20/2019,2019,1128a1
1730117003,5/20/2019,2019,1128a1
1730231259,12/20/2018,2018,1128b4
1730231259,12/20/2018,2018,1128b4
1730264854,3/20/2019,2019,1128a1
1730264854,3/20/2019,2019,1128a1
1730264854,3/20/2019,2019,1128a1
1730264854,3/20/2019,2019,1128a1
1730264854,3/20/2019,2019,1128a1
1730264854,3/20/2019,2019,1128a1
1730264854,3/20/2019,2019,1128a1
1730264854,3/20/2019,2019,1128a1
1730264854,3/20/2019,2019,1128a1
1730264854,3/20/2019,2019,1128a1
1730264854,3/20/2019,2019,1128a1
1730264854,3/20/2019,2019,1128a1
1730264854,3/20/2019,2019,1128a1
1740372358,11/20/2018,2018,1128b14
1740372358,11/20/2018,2018,1128b14
1740372358,11/20/2018,2018,1128b14
1740372358,11/20/2018,2018,1128b14
1740372358,11/20/2018,2018,1128b14
1740372358,11/20/2018,2018,1128b14
1740372358,11/20/2018,2018,1128b14
1740372358,11/20/2018,2018,1128b14
1750343679,6/20/2019,2019,1128a2
1750343679,6/20/2019,2019,1128a2
1750343679,6/20/2019,2019,1128a2
1750343679,6/20/2019,2019,1128a2
1750343679,6/20/2019,2019,1128a2
1750343679,6/20/2019,2019,1128a2
1750343679,6/20/2019,2019,1128a2
1750343679,6/20/2019,2019,1128a2
1750343679,6/20/2019,2019,1128a2
1750343679,6/20/2019,2019,1128a2
1750343679,6/20/2019,2019,1128a2
1750343679,6/20/2019,2019,1128a2
1750343679,6/20/2019,2019,1128a2
1750343679,6/20/2019,2019,1128a2
1750343679,6/20/2019,2019,1128a2
1750472825,7/20/2017,2017,1128a4
1750472825,7/20/2017,2017,1128a4
1750472825,7/20/2017,2017,1128a4
1750472825,7/20/2017,2017,1128a4
1750472825,7/20/2017,2017,1128a4
1750472825,7/20/2017,2017,1128a4
1770542151,4/19/2018,2018,1128a1
1770542151,4/19/2018,2018,1128a1
1770542151,4/19/2018,2018,1128a1
1770542151,4/19/2018,2018,1128a1
1770542151,4/19/2018,2018,1128a1
1770542151,4/19/2018,2018,1128a1
1770542151,4/19/2018,2018,1128a1
1770625238,6/20/2019,2019,1128a1
1770625238,6/20/2019,2019,1128a1
1770625238,6/20/2019,2019,1128a1
1770625238,6/20/2019,2019,1128a1
1770625238,6/20/2019,2019,1128a1
1770625238,6/20/2019,2019,1128a1
1770625238,6/20/2019,2019,1128a1
1770625238,6/20/2019,2019,1128a1
1770625238,6/20/2019,2019,1128a1
1770625238,6/20/2019,2019,1128a1
1770625238,6/20/2019,2019,1128a1
1770625238,6/20/2019,2019,1128a1
1770625238,6/20/2019,2019,1128a1
1770625238,6/20/2019,2019,1128a1
1770625238,6/20/2019,2019,1128a1
1770625238,6/20/2019,2019,1128a1
1770625238,6/20/2019,2019,1128a1
1770625238,6/20/2019,2019,1128a1
1770625238,6/20/2019,2019,1128a1
1770625238,6/20/2019,2019,1128a1
1770625238,6/20/2019,2019,1128a1
1770625238,6/20/2019,2019,1128a1
1770625238,6/20/2019,2019,1128a1
1770625238,6/20/2019,2019,1128a1
1770625238,6/20/2019,2019,1128a1
1770625238,6/20/2019,2019,1128a1
1770625238,6/20/2019,2019,1128a1
1770625238,6/20/2019,2019,1128a1
1770625238,6/20/2019,2019,1128a1
1770625238,6/20/2019,2019,1128a1
1770625238,6/20/2019,2019,1128a1
1770625238,6/20/2019,2019,1128a1
1770625238,6/20/2019,2019,1128a1
1770625238,6/20/2019,2019,1128a1
1770625238,6/20/2019,2019,1128a1
1780693051,7/18/2019,2019,1128a4
1780693051,7/18/2019,2019,1128a4
1780693051,7/18/2019,2019,1128a4
1780693051,7/18/2019,2019,1128a4
1780693051,7/18/2019,2019,1128a4
1780693051,7/18/2019,2019,1128a4
1780693051,7/18/2019,2019,1128a4
1780693051,7/18/2019,2019,1128a4
1780693051,7/18/2019,2019,1128a4
1780693051,7/18/2019,2019,1128a4
1780693051,7/18/2019,2019,1128a4
1790764207,12/20/2017,2017,1128a3
1790764207,12/20/2017,2017,1128a3
1790764207,12/20/2017,2017,1128a3
1790764207,12/20/2017,2017,1128a3
1790764207,12/20/2017,2017,1128a3
1790764207,12/20/2017,2017,1128a3
1790764207,12/20/2017,2017,1128a3
1790764207,12/20/2017,2017,1128a3
1790764207,12/20/2017,2017,1128a3
1790764207,12/20/2017,2017,1128a3
1790764207,12/20/2017,2017,1128a3
1790764207,12/20/2017,2017,1128a3
1790764207,12/20/2017,2017,1128a3
1801005053,4/18/2019,2019,1128a1
1801005053,4/18/2019,2019,1128a1
1801005053,4/18/2019,2019,1128a1
1801005053,4/18/2019,2019,1128a1
1801005053,4/18/2019,2019,1128a1
1801005053,4/18/2019,2019,1128a1
1801005053,4/18/2019,2019,1128a1
1801005053,4/18/2019,2019,1128a1
1801005053,4/18/2019,2019,1128a1
1801005053,4/18/2019,2019,1128a1
1801005053,4/18/2019,2019,1128a1
1801005053,4/18/2019,2019,1128a1
1801005053,4/18/2019,2019,1128a1
1801005053,4/18/2019,2019,1128a1
1801005053,4/18/2019,2019,1128a1
1801005053,4/18/2019,2019,1128a1
1801852488,9/14/2018,2018,1128b7
1801852488,9/14/2018,2018,1128b7
1801852488,9/14/2018,2018,1128b7
1801852488,9/14/2018,2018,1128b7
1801937545,8/20/2019,2019,1128a1
1801937545,8/20/2019,2019,1128a1
1801937545,8/20/2019,2019,1128a1
1801937545,8/20/2019,2019,1128a1
1801937545,8/20/2019,2019,1128a1
1801937545,8/20/2019,2019,1128a1
1801937545,8/20/2019,2019,1128a1
1821087305,4/18/2019,2019,1128a1
1821087305,4/18/2019,2019,1128a1
1821087305,4/18/2019,2019,1128a1
1821087305,4/18/2019,2019,1128a1
1821087305,4/18/2019,2019,1128a1
1821087305,4/18/2019,2019,1128a1
1821087305,4/18/2019,2019,1128a1
1821087305,4/18/2019,2019,1128a1
1821087305,4/18/2019,2019,1128a1
1821087305,4/18/2019,2019,1128a1
1821087305,4/18/2019,2019,1128a1
1831202126,10/19/2017,2017,1128a4
1831202126,10/19/2017,2017,1128a4
1831202126,10/19/2017,2017,1128a4
1831284470,3/20/2018,2018,1128a1
1831284470,3/20/2018,2018,1128a1
1831284470,3/20/2018,2018,1128a1
1831284470,3/20/2018,2018,1128a1
1831284470,3/20/2018,2018,1128a1
1831284470,3/20/2018,2018,1128a1
1831284470,3/20/2018,2018,1128a1
1831284470,3/20/2018,2018,1128a1
1831284470,3/20/2018,2018,1128a1
1831284470,3/20/2018,2018,1128a1
1831339902,6/20/2018,2018,1128b4
1831339902,6/20/2018,2018,1128b4
1831339902,6/20/2018,2018,1128b4
1831339902,6/20/2018,2018,1128b4
1831339902,6/20/2018,2018,1128b4
1831339902,6/20/2018,2018,1128b4
1831339902,6/20/2018,2018,1128b4
1831339902,6/20/2018,2018,1128b4
1831339902,6/20/2018,2018,1128b4
1831339902,6/20/2018,2018,1128b4
1831339902,6/20/2018,2018,1128b4
1831339902,6/20/2018,2018,1128b4
1831339902,6/20/2018,2018,1128b4
1831339902,6/20/2018,2018,1128b4
1831339902,6/20/2018,2018,1128b4
1831339902,6/20/2018,2018,1128b4
1831339902,6/20/2018,2018,1128b4
1831339902,6/20/2018,2018,1128b4
1831339902,6/20/2018,2018,1128b4
1831339902,6/20/2018,2018,1128b4
1831339902,6/20/2018,2018,1128b4
1831339902,6/20/2018,2018,1128b4
1841322104,8/24/2018,2018,1128a1
1841322104,8/24/2018,2018,1128a1
1841322104,8/24/2018,2018,1128a1
1841322104,8/24/2018,2018,1128a1
1841322104,8/24/2018,2018,1128a1
1841322104,8/24/2018,2018,1128a1
1841322104,8/24/2018,2018,1128a1
1841322104,8/24/2018,2018,1128a1
1841322104,8/24/2018,2018,1128a1
1841322104,8/24/2018,2018,1128a1
1841505153,11/13/2018,2018,BRCH SA
1841505153,11/13/2018,2018,BRCH SA
1841505153,11/13/2018,2018,BRCH SA
1841505153,11/13/2018,2018,BRCH SA
1841505153,11/13/2018,2018,BRCH SA
1841505153,11/13/2018,2018,BRCH SA
1841505153,11/13/2018,2018,BRCH SA
1841505153,11/13/2018,2018,BRCH SA
1841505153,11/13/2018,2018,BRCH SA
1841505153,11/13/2018,2018,BRCH SA
1841505153,11/13/2018,2018,BRCH SA
1841505153,11/13/2018,2018,BRCH SA
1841505153,11/13/2018,2018,BRCH SA
1841505153,11/13/2018,2018,BRCH SA
1841505153,11/13/2018,2018,BRCH SA
1841505153,11/13/2018,2018,BRCH SA
1841505153,11/13/2018,2018,BRCH SA
1841505153,11/13/2018,2018,BRCH SA
1841505153,11/13/2018,2018,BRCH SA
1841505153,11/13/2018,2018,BRCH SA
1841505153,11/13/2018,2018,BRCH SA
1841505153,11/13/2018,2018,BRCH SA
1841505153,11/13/2018,2018,BRCH SA
1841505153,11/13/2018,2018,BRCH SA
1841505153,11/13/2018,2018,BRCH SA
1841505153,11/13/2018,2018,BRCH SA
1841505153,11/13/2018,2018,BRCH SA
1841505153,11/13/2018,2018,BRCH SA
1841505153,11/13/2018,2018,BRCH SA
1841505153,11/13/2018,2018,BRCH SA
1841505153,11/13/2018,2018,BRCH SA
1841505153,11/13/2018,2018,BRCH SA
1841505153,11/13/2018,2018,BRCH SA
1841505153,11/13/2018,2018,BRCH SA
1841505153,11/13/2018,2018,BRCH SA
1841505153,11/13/2018,2018,BRCH SA
1841505153,11/13/2018,2018,BRCH SA
1841505153,11/13/2018,2018,BRCH SA
1841505153,11/13/2018,2018,BRCH SA
1841505153,11/13/2018,2018,BRCH SA
1841505153,11/13/2018,2018,BRCH SA
1841505153,11/13/2018,2018,BRCH SA
1841505153,11/13/2018,2018,BRCH SA
1841505153,11/13/2018,2018,BRCH SA
1841505153,11/13/2018,2018,BRCH SA
1841505153,11/13/2018,2018,BRCH SA
1841505153,11/13/2018,2018,BRCH SA
1841505153,11/13/2018,2018,BRCH SA
1841505153,11/13/2018,2018,BRCH SA
1841505153,11/13/2018,2018,BRCH SA
1841505153,11/13/2018,2018,BRCH SA
1841505153,11/13/2018,2018,BRCH SA
1861493009,3/13/2017,2017,1128b7
1861493009,3/13/2017,2017,1128b7
1881615268,11/20/2018,2018,1128a2
1881615268,11/20/2018,2018,1128a2
1881615268,11/20/2018,2018,1128a2
1881615268,11/20/2018,2018,1128a2
1881615268,11/20/2018,2018,1128a2
1881615268,11/20/2018,2018,1128a2
1881615268,11/20/2018,2018,1128a2
1881615268,11/20/2018,2018,1128a2
1881615268,11/20/2018,2018,1128a2
1881638781,6/20/2019,2019,1128a4
1881638781,6/20/2019,2019,1128a4
1881638781,6/20/2019,2019,1128a4
1881638781,6/20/2019,2019,1128a4
1881638781,6/20/2019,2019,1128a4
1881638781,6/20/2019,2019,1128a4
1881638781,6/20/2019,2019,1128a4
1881638781,6/20/2019,2019,1128a4
1881638781,6/20/2019,2019,1128a4
1881638781,6/20/2019,2019,1128a4
1881664498,6/20/2019,2019,1128a1
1881664498,6/20/2019,2019,1128a1
1881664498,6/20/2019,2019,1128a1
1881664498,6/20/2019,2019,1128a1
1881664498,6/20/2019,2019,1128a1
1881664498,6/20/2019,2019,1128a1
1881664498,6/20/2019,2019,1128a1
1881664498,6/20/2019,2019,1128a1
1881664498,6/20/2019,2019,1128a1
1891738472,4/18/2019,2019,1128b5
1891738472,4/18/2019,2019,1128b5
1891738472,4/18/2019,2019,1128b5
1891803318,8/20/2018,2018,1128a1
1891803318,8/20/2018,2018,1128a1
1891803318,8/20/2018,2018,1128a1
1891803318,8/20/2018,2018,1128a1
1891803318,8/20/2018,2018,1128a1
1891803318,8/20/2018,2018,1128a1
1891803318,8/20/2018,2018,1128a1
1891803318,8/20/2018,2018,1128a1
1891803318,8/20/2018,2018,1128a1
1891803318,8/20/2018,2018,1128a1
1891803318,8/20/2018,2018,1128a1
1891803318,8/20/2018,2018,1128a1
1891803318,8/20/2018,2018,1128a1
1891803318,8/20/2018,2018,1128a1
1891803318,8/20/2018,2018,1128a1
1891803318,8/20/2018,2018,1128a1
1891803318,8/20/2018,2018,1128a1
1891803318,8/20/2018,2018,1128a1
1891803318,8/20/2018,2018,1128a1
1891803318,8/20/2018,2018,1128a1
1891803318,8/20/2018,2018,1128a1
1891803318,8/20/2018,2018,1128a1
1891803318,8/20/2018,2018,1128a1
1891879136,6/20/2019,2019,1128b4
1891879136,6/20/2019,2019,1128b4
1902825441,6/20/2019,2019,1128a1
1902825441,6/20/2019,2019,1128a1
1902825441,6/20/2019,2019,1128a1
1902825441,6/20/2019,2019,1128a1
1902825441,6/20/2019,2019,1128a1
1902825441,6/20/2019,2019,1128a1
1902825441,6/20/2019,2019,1128a1
1902825441,6/20/2019,2019,1128a1
1902825441,6/20/2019,2019,1128a1
1902825441,6/20/2019,2019,1128a1
1902825441,6/20/2019,2019,1128a1
1902825441,6/20/2019,2019,1128a1
1902825441,6/20/2019,2019,1128a1
1902825441,6/20/2019,2019,1128a1
1902842446,4/18/2019,2019,1128a3
1902842446,4/18/2019,2019,1128a3
1902842446,4/18/2019,2019,1128a3
1902842446,4/18/2019,2019,1128a3
1902842446,4/18/2019,2019,1128a3
1902842446,4/18/2019,2019,1128a3
1902842446,4/18/2019,2019,1128a3
1902842446,4/18/2019,2019,1128a3
1902842446,4/18/2019,2019,1128a3
1902842446,4/18/2019,2019,1128a3
1902842446,4/18/2019,2019,1128a3
1902842446,4/18/2019,2019,1128a3
1902842446,4/18/2019,2019,1128a3
1902842446,4/18/2019,2019,1128a3
1902842446,4/18/2019,2019,1128a3
1902842446,4/18/2019,2019,1128a3
1902842446,4/18/2019,2019,1128a3
1902895543,1/20/2019,2019,1128a1
1902895543,1/20/2019,2019,1128a1
1902916984,12/20/2018,2018,1128a1
1902916984,12/20/2018,2018,1128a1
1902916984,12/20/2018,2018,1128a1
1902916984,12/20/2018,2018,1128a1
1902916984,12/20/2018,2018,1128a1
1902916984,12/20/2018,2018,1128a1
1902916984,12/20/2018,2018,1128a1
1902916984,12/20/2018,2018,1128a1
1902916984,12/20/2018,2018,1128a1
1902916984,12/20/2018,2018,1128a1
1902916984,12/20/2018,2018,1128a1
1902916984,12/20/2018,2018,1128a1
1902916984,12/20/2018,2018,1128a1
1902916984,12/20/2018,2018,1128a1
1902916984,12/20/2018,2018,1128a1
1902916984,12/20/2018,2018,1128a1
1902964331,4/19/2018,2018,1128a1
1902964331,4/19/2018,2018,1128a1
1912110636,1/20/2019,2019,1128a1
1912110636,1/20/2019,2019,1128a1
1912110636,1/20/2019,2019,1128a1
1912110636,1/20/2019,2019,1128a1
1912110636,1/20/2019,2019,1128a1
1912110636,1/20/2019,2019,1128a1
1912110636,1/20/2019,2019,1128a1
1912110636,1/20/2019,2019,1128a1
1912110636,1/20/2019,2019,1128a1
1912110636,1/20/2019,2019,1128a1
1912110636,1/20/2019,2019,1128a1
1912110636,1/20/2019,2019,1128a1
1912110636,1/20/2019,2019,1128a1
1912932815,1/19/2017,2017,1128a2
1912932815,1/19/2017,2017,1128a2
1912932815,1/19/2017,2017,1128a2
1912932815,1/19/2017,2017,1128a2
1922058767,2/20/2019,2019,1128a1
1922058767,2/20/2019,2019,1128a1
1922058767,2/20/2019,2019,1128a1
1922058767,2/20/2019,2019,1128a1
1932162245,4/18/2019,2019,1128a1
1932162245,4/18/2019,2019,1128a1
1932162245,4/18/2019,2019,1128a1
1932162245,4/18/2019,2019,1128a1
1932162245,4/18/2019,2019,1128a1
1932162245,4/18/2019,2019,1128a1
1932162245,4/18/2019,2019,1128a1
1932162245,4/18/2019,2019,1128a1
1942525894,6/20/2019,2019,1128a1
1942525894,6/20/2019,2019,1128a1
1942525894,6/20/2019,2019,1128a1
1952395881,10/18/2018,2018,1128a1
1952395881,10/18/2018,2018,1128a1
1952395881,10/18/2018,2018,1128a1
1952395881,10/18/2018,2018,1128a1
1952395881,10/18/2018,2018,1128a1
1952395881,10/18/2018,2018,1128a1
1952395881,10/18/2018,2018,1128a1
1952395881,10/18/2018,2018,1128a1
1952395881,10/18/2018,2018,1128a1
1952395881,10/18/2018,2018,1128a1
1952395881,10/18/2018,2018,1128a1
1952395881,10/18/2018,2018,1128a1
1952395881,10/18/2018,2018,1128a1
1952395881,10/18/2018,2018,1128a1
1952395881,10/18/2018,2018,1128a1
1952395881,10/18/2018,2018,1128a1
1952395881,10/18/2018,2018,1128a1
1952395881,10/18/2018,2018,1128a1
1952395881,10/18/2018,2018,1128a1
1952395881,10/18/2018,2018,1128a1
1952395881,10/18/2018,2018,1128a1
1952395881,10/18/2018,2018,1128a1
1952395881,10/18/2018,2018,1128a1
1952395881,10/18/2018,2018,1128a1
1952395881,10/18/2018,2018,1128a1
1952395881,10/18/2018,2018,1128a1
1962421198,2/20/2017,2017,1128a1
1962421198,2/20/2017,2017,1128a1
1962421198,2/20/2017,2017,1128a1
1962434027,6/20/2019,2019,1128a3
1962434027,6/20/2019,2019,1128a3
1962434027,6/20/2019,2019,1128a3
1962434027,6/20/2019,2019,1128a3
1962434027,6/20/2019,2019,1128a3
1972554228,12/20/2018,2018,1128b4
1972554228,12/20/2018,2018,1128b4
1972554228,12/20/2018,2018,1128b4
1972554228,12/20/2018,2018,1128b4
1972554228,12/20/2018,2018,1128b4
1972554228,12/20/2018,2018,1128b4
1972554228,12/20/2018,2018,1128b4
1972554228,12/20/2018,2018,1128b4
1972554228,12/20/2018,2018,1128b4
1972554228,12/20/2018,2018,1128b4
1982607370,5/20/2019,2019,1128a4
1982607370,5/20/2019,2019,1128a4
1982607370,5/20/2019,2019,1128a4
1982607370,5/20/2019,2019,1128a4
1982607370,5/20/2019,2019,1128a4
1982607370,5/20/2019,2019,1128a4
1982607370,5/20/2019,2019,1128a4
1982607370,5/20/2019,2019,1128a4
1982607370,5/20/2019,2019,1128a4
1982607370,5/20/2019,2019,1128a4
1982607370,5/20/2019,2019,1128a4
1982607370,5/20/2019,2019,1128a4
1982607370,5/20/2019,2019,1128a4
1982607370,5/20/2019,2019,1128a4
1982607370,5/20/2019,2019,1128a4
1982607370,5/20/2019,2019,1128a4
1982607370,5/20/2019,2019,1128a4
1982607370,5/20/2019,2019,1128a4
1982607370,5/20/2019,2019,1128a4
1982607370,5/20/2019,2019,1128a4
1982607370,5/20/2019,2019,1128a4
1982607370,5/20/2019,2019,1128a4
1982607370,5/20/2019,2019,1128a4
1982607370,5/20/2019,2019,1128a4
1982607370,5/20/2019,2019,1128a4
1982607370,5/20/2019,2019,1128a4
1982607370,5/20/2019,2019,1128a4
1982607370,5/20/2019,2019,1128a4
1982607370,5/20/2019,2019,1128a4
1982607370,5/20/2019,2019,1128a4
1982609723,1/18/2018,2018,1128b4
1982609723,1/18/2018,2018,1128b4
1982609723,1/18/2018,2018,1128b4
1982609723,1/18/2018,2018,1128b4
1982609723,1/18/2018,2018,1128b4
1982609723,1/18/2018,2018,1128b4
1982609723,1/18/2018,2018,1128b4
1982609723,1/18/2018,2018,1128b4
1982609723,1/18/2018,2018,1128b4
1982609723,1/18/2018,2018,1128b4
1982609723,1/18/2018,2018,1128b4
1982609723,1/18/2018,2018,1128b4
1982609723,1/18/2018,2018,1128b4
1982609723,1/18/2018,2018,1128b4
1982609723,1/18/2018,2018,1128b4
1982609723,1/18/2018,2018,1128b4
1982609723,1/18/2018,2018,1128b4
1982609723,1/18/2018,2018,1128b4
1982609723,1/18/2018,2018,1128b4
1982609723,1/18/2018,2018,1128b4
1982609723,1/18/2018,2018,1128b4
1982609723,1/18/2018,2018,1128b4
1982609723,1/18/2018,2018,1128b4
1982609723,1/18/2018,2018,1128b4
1982661385,12/20/2017,2017,1128a1
1982661385,12/20/2017,2017,1128a1
1982661385,12/20/2017,2017,1128a1
